,Variabile,IV
0,Price,0.02791580669312217
0,Day,0.0003308391704390704
0,Shared Room,0.007251717686404013
0,Person Capacity,0.009099488539011281
0,Multiple Rooms,0.03649213761928253
0,Business,0.043615472340128435
0,Cleanliness Rating,0.767401339374776
0,Guest Satisfaction,1.7129200165126748
0,Bedrooms,0.013221478060234697
0,City Center (km),0.00963841251245494
0,Metro Distance (km),0.019194912775219862
