,False,True,Acuratete
False,6824,5291,56.326867519603795
True,617,3954,86.50185954933275
