,False,True,Acuratete
False,10450,1569,86.94566935685165
True,1553,3114,66.72380544246839
