,False,True,Acuratete
False,10444,1671,86.20718118035494
True,2153,2418,52.898709253992564
