,False,True,Acuratete
False,6898,5118,57.40679094540612
True,716,3954,84.66809421841542
