,False,True,Acuratete
False,11072,1043,91.39083780437474
True,1666,2905,63.552833078101074
