,False,True,Acuratete
False,11011,1008,91.61327897495632
True,1775,2892,61.967002356974504
