,False,True,Acuratete
False,6966,5053,57.95823279806972
True,767,3900,83.56545961002786
