,False,True,Acuratete
False,10401,1618,86.53798152924536
True,2316,2351,50.374973216198846
