,False,True,Acuratete
False,10497,1618,86.64465538588527
True,1474,3097,67.75322686501859
